label,rep,seed,actual_seed,n_elig,rate_1yr,rate_3yr,rate_6yr,rate_9yr,gamma_loss,offense_loss,ci95_lo_1yr,ci95_hi_1yr,ci95_halfwidth_1yr,ci95_lo_3yr,ci95_hi_3yr,ci95_halfwidth_3yr,ci95_lo_6yr,ci95_hi_6yr,ci95_halfwidth_6yr,ci95_lo_9yr,ci95_hi_9yr,ci95_halfwidth_9yr,tier_3yr_Low,share_Low,tier_3yr_LowModerate,share_LowModerate,tier_3yr_Moderate,share_Moderate,tier_3yr_High,share_High,off_Violent_3yr,off_Violent_6yr,off_Violent_9yr,off_Drug_3yr,off_Drug_6yr,off_Drug_9yr,off_Property_3yr,off_Property_6yr,off_Property_9yr,off_Other(PublicOrder)_3yr,off_Other(PublicOrder)_6yr,off_Other(PublicOrder)_9yr
baseline,0,42,42,16161,0.376,0.66,0.782,0.81,0.14203020950068018,0.028456987364207598,0.3687140600724352,0.3836497366751927,0.00746783830137876,0.6523321152259091,0.6669410411531796,0.007304462963635294,0.7752611363075108,0.7879983267484092,0.006368595220449191,0.8039777475098865,0.816071631755296,0.006046942122704735,0.6439812845597618,0.29094734236742775,0.6710114702815433,0.3560423241136068,0.6670119109269809,0.2389703607450034,0.6489419424850786,0.11403997277396201,0.6615581098339719,0.7586206896551724,0.7812899106002554,0.6692477876106194,0.7859513274336283,0.8100110619469026,0.6576634169729902,0.7896755633690267,0.8192424484577273,0.6508238276299113,0.7839036755386565,0.820659062103929
baseline,0,137,137,16115,0.38,0.663,0.788,0.817,0.140052746211125,0.02510767707876746,0.3723683154418221,0.38735387203844945,0.007492778298313685,0.6554613829950506,0.6700582871033267,0.007298452054138038,0.782083956243342,0.7946944643597861,0.006305254058222021,0.8110202909880542,0.8229582698534395,0.00596898943269264,0.6579227980379612,0.2909711448960596,0.6646330834931149,0.35600372323921814,0.66138665281745,0.2389699038163202,0.6724700761697497,0.11405522804840211,0.6499189627228525,0.7552674230145867,0.7776337115072933,0.6704264099037139,0.7911966987620358,0.8162310866574966,0.6691377921031426,0.8009669621273167,0.8319097502014504,0.6542319749216301,0.7931034482758621,0.8272727272727273
baseline,0,251,251,16049,0.367,0.653,0.778,0.807,0.15047936288239985,0.03115723553514745,0.35994883106525133,0.37486447451175,0.007457821723249325,0.6457248999422239,0.6604514221364789,0.0073632610971274826,0.7712446515319307,0.7841087383626038,0.006432043415336541,0.8007236748582037,0.8129371489052349,0.006106737023515607,0.6591006423982869,0.29098386192286124,0.653071941186767,0.35597233472490497,0.6545881126173096,0.23901800735248302,0.6349726775956284,0.11402579599975077,0.6416089680184636,0.7444774151005605,0.7682162875041213,0.6437827405569341,0.7684036393713813,0.8001102839812517,0.6610305958132046,0.7938808373590982,0.8244766505636071,0.659326832337213,0.7886127713117332,0.8172381251966027
baseline,0,389,389,16264,0.377,0.66,0.78,0.811,0.1431186605582899,0.0281148926345616,0.36954924011718643,0.3844439386705884,0.0074473492767009875,0.652605982498022,0.6671660024959799,0.007280009998978931,0.7736969711034688,0.7864265058794889,0.006364767388010062,0.8047166355062582,0.8167548693552104,0.006019116924476098,0.658284023668639,0.29094933595671424,0.6602763385146805,0.3560009837678308,0.6601492153331618,0.23899409739301525,0.662533692722372,0.11405558288243975,0.6532742802910472,0.7573552673204682,0.7845618475166086,0.6653439153439153,0.783068783068783,0.8111111111111111,0.6612012987012987,0.7884740259740259,0.8193181818181818,0.6576035409421436,0.7831172937085046,0.8201074928865002
baseline,0,503,503,16198,0.377,0.66,0.782,0.812,0.14518042029019226,0.031511287548474765,0.36928089916551876,0.3842039145608418,0.007461507697661518,0.6523152371019667,0.6669077332053099,0.007296248051671617,0.7757723447880014,0.7884844987056419,0.006356076958820234,0.8054858881221887,0.8175297078332735,0.006021909855542407,0.6647570549543815,0.29096184714162243,0.6514652332235131,0.3560316088405976,0.6600361663652803,0.23898012100259292,0.6713589604764483,0.11402642301518706,0.654746835443038,0.7512658227848101,0.7721518987341772,0.657930657930658,0.7862407862407862,0.8135408135408135,0.6558378899967835,0.7901254422643937,0.8234158893534899,0.6740576496674058,0.792841305036427,0.8254672157111181
baseline,0,617,617,16303,0.373,0.657,0.776,0.805,0.15077674084254913,0.030383876984935766,0.36578927310038195,0.380636178165423,0.007423452532520525,0.6499805248180801,0.6645500339383132,0.007284754560116569,0.7695275149247994,0.7823267448234524,0.006399614949326504,0.7988518376553849,0.8110148823353213,0.006081522339968171,0.6591483979763912,0.2909893884561124,0.6655754651964163,0.35600809666932465,0.6457905544147844,0.23897442188554255,0.650887573964497,0.11402809298902043,0.6428344455036543,0.7356212265649825,0.7591356847791547,0.6571350013747594,0.7792136376134177,0.8113830079736046,0.6629372833280807,0.7880554680113457,0.8165773715726442,0.6605735896627797,0.7882130475890324,0.8200441222817523
baseline,0,743,743,16257,0.374,0.656,0.78,0.807,0.14169741069038205,0.029374884001045747,0.36640155991656853,0.38127447672842285,0.00743645840592716,0.6491193676530063,0.6637180687561892,0.007299350551591477,0.7739727601659986,0.7866993270647139,0.0063632834493576595,0.8011474070156464,0.8132734357530329,0.006063014368693276,0.646723044397463,0.2909515900842714,0.6568762957843814,0.3560312480777511,0.6550836550836551,0.23897398043919543,0.6828478964401294,0.11404318139878206,0.6519249125039771,0.7518294622971683,0.7753738466433344,0.656040717921243,0.7792660058933834,0.8020358960621484,0.6606573069559668,0.7937141033822591,0.8221123165283982,0.6530677802762609,0.7838098297462255,0.8159331834243495
baseline,0,863,863,16199,0.375,0.658,0.78,0.81,0.1465412814614658,0.030160578095859647,0.36722933995010804,0.3821356109483813,0.0074531354991366205,0.6507236427292946,0.6653320298756884,0.007304193573196893,0.7737904817554317,0.7865433303087435,0.0063764242766558565,0.803873588690293,0.8159559602204365,0.006041185765071733,0.657967324421812,0.29094388542502625,0.6571874458123808,0.3560096302240879,0.6670971074380165,0.23902710043829867,0.642122360584732,0.1140193839125872,0.6556122448979592,0.7566964285714286,0.779655612244898,0.6580962800875274,0.7828227571115973,0.8090809628008753,0.6570385653070941,0.7893985081733058,0.8198698619266783,0.6625885383129427,0.7823567289117836,0.8216355441081777
baseline,0,971,971,16260,0.376,0.659,0.778,0.808,0.1424918232649565,0.032034898397031775,0.3683545371005304,0.38324166634503193,0.0074435646222507645,0.6512231314628244,0.6657991395853639,0.007288004061269726,0.7715294003808545,0.7843048374538278,0.006387718536486675,0.801495068323161,0.8136117585903526,0.006058345133595822,0.6472204607905305,0.29095940959409594,0.6648816721368112,0.3560270602706027,0.6649511065362841,0.23899138991389915,0.6542610571736786,0.11402214022140221,0.663375796178344,0.7547770700636943,0.7754777070063694,0.6521855725395549,0.7723250201126307,0.804237060874229,0.6590290017625381,0.7912193558724563,0.8210222720717834,0.6603174603174603,0.7815873015873016,0.8171428571428572
baseline,0,1087,1087,16012,0.369,0.653,0.777,0.804,0.149299810350907,0.029427454338028236,0.3611584515006896,0.3761016872359473,0.007471617867628844,0.6458522058977537,0.6605943813362259,0.0073710877192361135,0.7701505729973407,0.7830517014307482,0.006450564216703758,0.7978008403069851,0.8100972797643323,0.006148219728673632,0.6516419832582099,0.2909692730452161,0.6580701754385965,0.3559830127404447,0.655604912464071,0.23900824381713714,0.6374589266155531,0.1140394703972021,0.6319821257580593,0.7302904564315352,0.7555059048834982,0.6493834080717489,0.7757847533632287,0.8018497757847534,0.6671518680252305,0.7965388969755782,0.8238719068413392,0.65153452685422,0.784846547314578,0.8158567774936062
baseline,1,42,10042,16405,0.375,0.663,0.783,0.811,0.14688792295216183,0.030064828951454303,0.36714366397590287,0.3819550170668831,0.007405676545490125,0.6557589449784464,0.6702238471279749,0.0072324510747642234,0.7765576588699254,0.7891739281788519,0.006308134654463227,0.8050316120152878,0.8170110798953953,0.005989733940053754,0.6649905719673161,0.29094788174337094,0.6678650915939052,0.3560499847607437,0.6522959183673469,0.23895153916488876,0.6654195617316943,0.11405059433099665,0.6595813204508857,0.7484702093397746,0.7752012882447665,0.6580005360493165,0.7799517555615116,0.8064861967300991,0.6655576679340938,0.7968948035487959,0.8257287705956907,0.6671783850168868,0.7921400061406202,0.8222290451335585
baseline,1,137,10137,16346,0.37,0.659,0.782,0.811,0.14150201800144502,0.02800380552312411,0.36262860421201726,0.37743003953655574,0.0074007176622692405,0.6516952860455599,0.6662282833179499,0.007266498636194996,0.7756927094305341,0.7883494522990326,0.006328371434249247,0.8047020105166911,0.8167107376043672,0.006004363543838043,0.6549621530698065,0.2909580325461887,0.6636879188864065,0.35598923283983847,0.6542103916048119,0.23901872017618989,0.6646995708154506,0.11403401443778294,0.659974506054812,0.7552581261950286,0.7794773741236456,0.6584827586206896,0.7845517241379311,0.8121379310344827,0.6635586635586636,0.7937839937839938,0.8243978243978244,0.6493011435832274,0.7820838627700127,0.8125794155019059
baseline,1,251,10251,16164,0.374,0.658,0.781,0.812,0.14566166326041885,0.029962864627216933,0.3668586696837862,0.38177815515992075,0.007459742738067265,0.6507798357582947,0.6654033707867274,0.007311767514216361,0.7747401681110562,0.7874870125411837,0.006373422215063762,0.8054539693544014,0.8175110651372774,0.00602854789143803,0.6634063363810334,0.2909552091066568,0.6587315377932232,0.3560381093788666,0.6531193373026145,0.23898787428854243,0.6532826912642431,0.11401880722593417,0.6407924650860669,0.750568366352712,0.7762260474179928,0.6633847791378393,0.778605641298563,0.8065460351250665,0.6573078774266004,0.7917535697096102,0.8256056473608214,0.6706528765352294,0.7934712346477052,0.8244990303813833
baseline,1,389,10389,16274,0.369,0.649,0.772,0.8,0.1493373210233013,0.032272061946479996,0.36173386588438666,0.3765606755737389,0.007413404844676119,0.641581576655736,0.6562466071496649,0.007332515246964433,0.7653955227674842,0.7782883523723256,0.006446414802420697,0.7941442729853098,0.806426751123931,0.006141239069310633,0.6445617740232312,0.29095489738232766,0.654987918536417,0.35602802015484825,0.6479814862432501,0.23897013641391177,0.6433189655172413,0.11404694604891237,0.6456278763971072,0.7409598948060486,0.7629848783694938,0.6561254318363008,0.7751793781557268,0.8030826468243423,0.6482332435430201,0.7833940738393281,0.8146094121375377,0.6450284990500317,0.7748575047498417,0.804623179227359
baseline,1,503,10503,16278,0.37,0.657,0.778,0.808,0.14433424388087523,0.03080080176928764,0.3625007465280266,0.37733212348343453,0.007415688477703963,0.6500015794047825,0.664581999396279,0.007290209995748254,0.771780974249099,0.7845443004053357,0.0063816630781183825,0.8019623466202698,0.8140613346321016,0.006049494005915923,0.6560388513513513,0.2909448335176312,0.658153580672994,0.3560019658434697,0.661526599845798,0.23903427939550315,0.6492456896551724,0.114018921243396,0.6481360366252452,0.7475474166121648,0.7737083060824068,0.6437987624428302,0.7624428302394404,0.7917675544794189,0.6690978278103694,0.7989535436816236,0.8297130172823847,0.6586357947434293,0.7850438047559449,0.8172715894868585
baseline,1,617,10617,16211,0.377,0.654,0.774,0.803,0.14904412809272385,0.029461080078149248,0.36910588752678114,0.384021518910541,0.007457815691879921,0.6467658061742367,0.6614086504914392,0.00732142215860121,0.7677267667600721,0.7805980469710715,0.006435640105499685,0.796529236334946,0.8087804078863087,0.0061255857756813414,0.6569853720585118,0.2909752637098267,0.6511869693294057,0.3559928443649374,0.6530717604543108,0.23897353648757017,0.6581936181719849,0.11405835543766578,0.6361873990306947,0.7431340872374798,0.7686591276252019,0.6611948331539289,0.778794402583423,0.8059741657696448,0.6569460022432303,0.784649895850024,0.8149335042461144,0.6578031022475467,0.7787274453941121,0.8081671415004749
baseline,1,743,10743,16164,0.378,0.669,0.787,0.816,0.13604808703307977,0.03106243580652035,0.37012383829278755,0.3850692110997794,0.0074726864034959095,0.6612883858599574,0.6758005178314295,0.007256065985736027,0.780678575153756,0.7933003287464405,0.006310876796342235,0.8095868158242656,0.8215425737659936,0.005977878970863992,0.658728471188603,0.2909552091066568,0.6715899218071243,0.3560381093788666,0.6792648200880145,0.23898787428854243,0.6619641888225719,0.11401880722593417,0.6612324747310075,0.7694815780893381,0.7962178024127812,0.6668457818377217,0.7872111767866738,0.8154218162278345,0.6675320460814539,0.7919844231705339,0.8234625993834171,0.6796388542963886,0.7942092154420921,0.8194271481942715
baseline,1,863,10863,16163,0.375,0.657,0.781,0.813,0.14372419338183293,0.02906396381856353,0.36792884373304735,0.3828573580690412,0.007464257167996924,0.6492040749742063,0.6638440840428277,0.007320004534310698,0.7747887933618502,0.787535018853889,0.0063731127460193715,0.8064438431388123,0.818477229880175,0.006016693370681336,0.6551137571762705,0.2909732104188579,0.6564129301355579,0.3559982676483326,0.6554491327983433,0.2390026603972035,0.663049376017363,0.11402586153560601,0.6523125996810207,0.7601275917065391,0.7881977671451356,0.656414519257412,0.7847049044056525,0.8149071765031864,0.6581795035009548,0.7870782940802037,0.8197008274984087,0.6577352472089314,0.7866028708133971,0.8197767145135566
baseline,1,971,10971,16081,0.372,0.656,0.778,0.807,0.14921063666972315,0.024976404928556295,0.3642431295886904,0.37917989547858794,0.0074683829449487815,0.6484252936546194,0.6631102579295506,0.007342482137465578,0.7716979247218494,0.7845400676995369,0.006421071488843744,0.801244513006596,0.8134335948586379,0.006094540926020908,0.6563368241077153,0.2909644922579442,0.6609606986899563,0.3560101983707481,0.6523549310434557,0.2389776755176917,0.6455834242093784,0.11404763385361606,0.6352405721716515,0.7360208062418726,0.7623537061118335,0.6705915335015419,0.7869358003924867,0.8163723016540511,0.6630154639175257,0.7971971649484536,0.8257087628865979,0.6452012383900929,0.7721362229102167,0.8052631578947368
baseline,1,1087,11087,15967,0.376,0.661,0.78,0.811,0.14217337158672028,0.03297470081786264,0.3689170139589575,0.3839451019610952,0.007514044001068865,0.6531671592397333,0.6678553722216017,0.007344106490934199,0.7731748267559584,0.786031771348427,0.006428472296234333,0.8053447764321495,0.8174777553497696,0.006066489458810054,0.6532501076194576,0.29097513621845056,0.662033779028853,0.3559842174484875,0.6632599580712788,0.23899292290348845,0.6688632619439868,0.11404772342957349,0.6509751176866173,0.7434431741761937,0.7706792199058508,0.6570416780168892,0.7826205393625715,0.8123127213293381,0.6574550128534704,0.7847043701799485,0.8221401028277635,0.6801162040025823,0.8008392511297612,0.8282763072950291
baseline,2,42,20042,16293,0.368,0.655,0.775,0.805,0.1476848313308385,0.03566940348868659,0.3605152499846077,0.37532313479787693,0.0074039424066346116,0.6473000868125854,0.6619009303955589,0.007300421791486711,0.7689527721046616,0.7817674361594966,0.0064073320274175005,0.7987288621529758,0.8108984658809422,0.006084801863983191,0.6534486395275259,0.2909838580985699,0.655802724607691,0.3559197201252071,0.6562259306803594,0.23905971889768612,0.6506996770721205,0.11403670287853679,0.6547114444082165,0.7460058689272905,0.7704597326377568,0.6572352465642683,0.774184855834007,0.8019401778496362,0.6507612619682939,0.7780568199654685,0.8100769110029823,0.6593511450381679,0.8002544529262087,0.8314249363867684
baseline,2,137,20137,16239,0.378,0.654,0.775,0.802,0.1486598830041914,0.03254608130070196,0.37104141250871103,0.38595923447167935,0.007458910981484157,0.6467526639168522,0.6613830750907856,0.007315205586966744,0.7688096316187998,0.7816482390040351,0.006419303692617673,0.7962558324084335,0.8085028817318314,0.006123524661698965,0.651005291005291,0.29096619249953815,0.6550769763016779,0.3559948272676889,0.6503478484926565,0.23899254880226614,0.6668466522678186,0.1140464314305068,0.6410949645150389,0.7326799594457587,0.7543088881378844,0.661558784676354,0.7791281373844121,0.8066050198150595,0.651159123166693,0.7859958997003628,0.8148557009935341,0.663284717818643,0.7891566265060241,0.8176918199112239
baseline,2,251,20251,16201,0.368,0.651,0.778,0.807,0.1478183653740837,0.03416825742796525,0.3605464069594761,0.37539670772052164,0.007425150380522771,0.6438824005336004,0.6585580750338991,0.007337837250149359,0.7716984061463478,0.7844933927293661,0.006397493291509182,0.8013370192640878,0.8134792341697008,0.006071107452806479,0.6474331777683496,0.29096969322881305,0.6536061026352289,0.3560274057156966,0.65599173553719,0.2389975927411888,0.6437466161342718,0.11400530831430158,0.6550500161342369,0.7586318167150694,0.7847692804130365,0.6553998351195384,0.7774113767518549,0.805990656773839,0.6441717791411042,0.779613025011798,0.8115463268837502,0.6571152607855762,0.7955569864777849,0.8235672891178365
baseline,2,389,20389,16037,0.382,0.661,0.785,0.812,0.13804528276104874,0.03061858966847018,0.3745628466723843,0.38960164704096295,0.0075194001842893154,0.6533564286965516,0.6680107494445255,0.007327160373986952,0.7781298294185746,0.7908552791931829,0.006362724887304161,0.80631738984586,0.8184004553824105,0.006041532768275237,0.6486602357984995,0.2908898172974995,0.6691768826619965,0.35605163060422773,0.6590138272893296,0.23900978986094656,0.6686714051394205,0.11404876223732618,0.6708494208494209,0.7651222651222651,0.7841055341055341,0.6517065305025531,0.7753292125772642,0.805428648212846,0.663586251621271,0.7996108949416343,0.8278210116731517,0.6555921052631579,0.7851973684210526,0.81875
baseline,2,503,20503,16320,0.378,0.659,0.778,0.806,0.14590379278898646,0.02982186779491407,0.37101975477876015,0.3859002094531888,0.0074402273372143335,0.6520055697550655,0.6665468964732273,0.007270663359080887,0.7716850392622527,0.7844340546647552,0.006374507701251253,0.800300283503971,0.8124231332682181,0.006061424882123578,0.6565592756369762,0.29099264705882355,0.6640275387263339,0.3560049019607843,0.6605128205128206,0.23897058823529413,0.6491133799032778,0.11403186274509804,0.6476190476190476,0.7428571428571429,0.7673015873015873,0.6646358349487677,0.7853780116311271,0.8111326502353918,0.6581358609794629,0.785781990521327,0.8161137440758294,0.6670795912047074,0.7894084855992567,0.8203778259523072
baseline,2,617,20617,16143,0.38,0.659,0.778,0.807,0.14237606732730398,0.028496414318604668,0.3728908302550804,0.3878673356019501,0.0074882526734348365,0.6517598914122162,0.6663828220209793,0.007311465304381537,0.7713196113138029,0.7841450561540443,0.006412722420120698,0.8010020717364691,0.8131737680760672,0.0060858481697990685,0.6529699808388333,0.29096202688471784,0.6499042978945537,0.35600569906461005,0.6728875064800415,0.2389890354952611,0.674633351439435,0.11404323855541101,0.6545626776128829,0.7445532049257972,0.7736027786548785,0.6623626373626373,0.7766483516483517,0.8013736263736264,0.6617507136060894,0.7947986045036474,0.8254043767840152,0.6544554455445545,0.7785478547854785,0.8112211221122112
baseline,2,743,20743,16180,0.377,0.657,0.78,0.808,0.1403443302732572,0.03338426921378268,0.3692632943553036,0.3841945002390279,0.0074656029418621594,0.6498810783007981,0.6645065761112422,0.007312748905222044,0.7740254386087052,0.7867808411561684,0.006377701273731606,0.8017680364841675,0.8139077867394111,0.006069875127621804,0.6510195412064571,0.29097651421508036,0.6571180555555556,0.35599505562422745,0.6674424618567365,0.23899876390605687,0.6520325203252032,0.11402966625463536,0.6451408673630896,0.7530864197530864,0.7752453308008863,0.650070323488045,0.7715893108298172,0.8005625879043601,0.6629070691024622,0.7896743447180302,0.8189038919777601,0.6660359508041628,0.7994323557237465,0.826868495742668
baseline,2,863,20863,16136,0.37,0.655,0.773,0.803,0.14586780311263906,0.030656418267975383,0.36287099075650675,0.37777082570345155,0.0074499174734724005,0.6476863748751592,0.6623538426199121,0.007333733872376458,0.7663388938374482,0.7792674521380909,0.006464279150321328,0.7965901895451871,0.8088680449395925,0.006138927697202701,0.6504792332268371,0.29096430342092217,0.6518105849582173,0.3559742191373327,0.6575058335493907,0.23903073872087258,0.6717391304347826,0.11403073872087258,0.6415592996366039,0.7423191278493558,0.7687479352494219,0.6608171099533864,0.7789964354263779,0.8121743899095146,0.6560712015257469,0.778766687857597,0.8102352193261284,0.6593059936908517,0.7832807570977918,0.8097791798107256
baseline,2,971,20971,16214,0.377,0.66,0.783,0.812,0.14935961828283745,0.027477255204843832,0.36922144942105994,0.38413660532772975,0.007457577953334904,0.6526563968136023,0.6672382061772175,0.007290904681807597,0.7768027361238942,0.7894871701728846,0.0063422170244952225,0.805926771911378,0.8179540286015584,0.006013628345090227,0.6625688851208139,0.2909831010238066,0.6708246708246708,0.35598865178241024,0.6498064516129032,0.23899099543604294,0.6408869659275284,0.11403725175774022,0.6377139166935745,0.7400710364869229,0.7655795931546658,0.6618011567061416,0.7799504268796474,0.8069402368493528,0.6667723023292663,0.8012993186499763,0.831722389478688,0.6661417322834645,0.7930708661417323,0.8239370078740158
baseline,2,1087,21087,16322,0.378,0.66,0.78,0.807,0.15012694737990792,0.02813126410186011,0.3701198002774748,0.38499236496612277,0.0074362823443239745,0.6530946551223544,0.6676238798412581,0.007264612359451861,0.7730743409795408,0.7857942443924991,0.006359951706479183,0.8013163906098555,0.8134145522653959,0.006049080827770226,0.6643503895556959,0.2909569905648818,0.6615040440543796,0.3560225462565862,0.6590617790310177,0.2390025732140669,0.6496507254164428,0.11401788996446514,0.6475563909774437,0.743734335839599,0.768483709273183,0.6578091106290672,0.7819956616052061,0.8099240780911063,0.6689611013286377,0.7925404194013126,0.8216744037137826,0.6594679186228481,0.7868544600938967,0.8156494522691706
baseline,3,42,30042,16250,0.379,0.658,0.78,0.81,0.13921601830640937,0.029523311069272935,0.3718306566429611,0.3867494934183019,0.007459418387670391,0.6510097134710603,0.6655923629266819,0.0072913247278107995,0.7731920091486553,0.7859373476921299,0.006372669271737297,0.8039885819042171,0.8160494526734053,0.006030435384594135,0.6434010152284264,0.2909538461538462,0.6553154710458081,0.356,0.6797116374871267,0.2390153846153846,0.6610901241230437,0.11403076923076923,0.6570502431118315,0.7559157212317666,0.779902755267423,0.657944944126465,0.7814118288361952,0.8124829653856637,0.6593581188433428,0.7893231649189705,0.8223705115983476,0.6580262336039975,0.7813866333541537,0.8123048094940662
baseline,3,137,30137,16234,0.372,0.659,0.781,0.81,0.14154037230563862,0.0314587613126838,0.3650835969444023,0.37995640886523685,0.0074364059604172805,0.6520295351863495,0.666608873011942,0.007289668912796254,0.7748361886651908,0.7875538275054311,0.006358819420120176,0.8038584714140479,0.8159283357192352,0.006034932152593653,0.6507197290431838,0.2909942096833806,0.6638975424022153,0.3559196747566835,0.662973460448338,0.23906615744733276,0.6596434359805511,0.11401995811260318,0.6581598388179987,0.7548690396239086,0.7793821356615178,0.6597333333333333,0.7850666666666667,0.8141333333333334,0.6547695262483995,0.7876120358514724,0.8149807938540333,0.6688152240638429,0.7888275015346838,0.8235113566605279
baseline,3,251,30251,16344,0.373,0.659,0.778,0.809,0.14328678046358367,0.028539711514502752,0.36578020553982893,0.3806083329936004,0.0074140637268857446,0.6515914198632925,0.6661263637491938,0.007267471942950632,0.7716481032606435,0.7843886031385672,0.006370249938961847,0.8033780613666782,0.8154192237746215,0.006020581203971642,0.654121110176619,0.2909936368086148,0.6603643863870746,0.35597161037689673,0.6605222734254992,0.23898678414096916,0.6630901287553648,0.11404796867351934,0.6519497260715437,0.7476635514018691,0.7718337093135675,0.6522213137094576,0.7759607522485691,0.8032161351866993,0.6683496371094982,0.7926790785736826,0.8267592300410224,0.6546072974644404,0.7810760667903525,0.8188002473716759
baseline,3,389,30389,16241,0.376,0.661,0.78,0.808,0.144153245266736,0.03224887601041243,0.36903325462115044,0.38393448130309504,0.007450613340972301,0.653292468299579,0.6678556307991527,0.007281581249786839,0.7734400325706626,0.786183768254825,0.006371867842081214,0.8022605059645865,0.8143660051858822,0.006052749610647834,0.6586965721540414,0.2909919339942122,0.6640719598685348,0.35595098823964044,0.6496651210716126,0.2390246905978696,0.677645788336933,0.11403238716827782,0.6495043172369683,0.7425647585545251,0.7713463383434602,0.656121045392022,0.7746905089408528,0.7991746905089409,0.6641521294986642,0.7922363664937923,0.8222536539368223,0.6697689345314506,0.7981386392811296,0.82798459563543
baseline,3,503,30503,16106,0.376,0.668,0.782,0.81,0.14171905916187588,0.025501005082112577,0.36806387569520826,0.3830199586734675,0.0074780414891296165,0.660325087537402,0.674873738998546,0.007274325730571962,0.7760023701850547,0.7887455786712518,0.006371604243098572,0.8041277423671013,0.8162383821514664,0.0060553198921825535,0.6600512163892446,0.29094747299143175,0.6763167073596094,0.3560163914069291,0.6669264744089374,0.23897926238668818,0.6614044637996733,0.11405687321495095,0.6410842586544742,0.7419986936642717,0.7677988242978445,0.6690528634361234,0.7811123348017621,0.8056167400881057,0.6785142491194365,0.8008325328210054,0.8294908741594621,0.6702463676563487,0.7867972204674668,0.8186986734049273
baseline,3,617,30617,16319,0.378,0.654,0.781,0.81,0.14654800729091175,0.028734416558911558,0.37031029303255997,0.3851857108004982,0.0074377088839691075,0.6469352811210801,0.6615281668119072,0.007296442845413531,0.7742707857795655,0.7869672770832145,0.006348245651824458,0.8040700858323805,0.8161037936960468,0.006016853931833155,0.6569081718618366,0.29094920031864696,0.653012048192771,0.3560267173233654,0.651025641025641,0.2389852319382315,0.6582482536270822,0.11403885041975612,0.6473272490221643,0.7545632333767927,0.779986962190352,0.6549770704073374,0.7779875910439709,0.8057728621526841,0.6599874765184721,0.7924232936756418,0.8221665623043206,0.6486058301647655,0.7854879594423321,0.8203422053231939
baseline,3,743,30743,16282,0.379,0.665,0.787,0.815,0.14141659369260548,0.028220431457261358,0.37109558034098244,0.38599403791982645,0.007449228789422002,0.6573087610012843,0.6718114731043944,0.007251356051555025,0.7810201948795498,0.7935893481728645,0.0062845766466573805,0.8089099357926975,0.8208395270781682,0.005964795642735332,0.65766146053187,0.2909961921139909,0.6721877156659766,0.35597592433361996,0.6617836031868414,0.23897555582852228,0.6645126548196015,0.11405232772386685,0.6650099403578529,0.76441351888668,0.7905897945659377,0.6613599568267674,0.7808958445763626,0.8116567728008635,0.6705321683876092,0.8015885623510722,0.825734710087371,0.656451118602513,0.7885381550720196,0.820410665032179
baseline,3,863,30863,16119,0.37,0.655,0.778,0.807,0.14547947703979744,0.03237774256900674,0.3628235469308458,0.3777308724588479,0.007453662764001057,0.6472545968549325,0.6619340761889062,0.007339739666986866,0.7712938845220096,0.7841292984484165,0.006417706963203429,0.8003930957489155,0.8125881792144259,0.0060975417327552295,0.650319829424307,0.2909609777281469,0.6559776925758104,0.35597741795396737,0.6592265766934856,0.23903467957069297,0.6517954298150164,0.11402692474719275,0.6585979251807608,0.7607670543854134,0.7856020119459289,0.6466965285554311,0.7757558790593505,0.8057110862262038,0.6606098909780376,0.7843261178701216,0.8157686838363091,0.6473493579189991,0.7843266381297332,0.8103391504774449
baseline,3,971,30971,16261,0.369,0.657,0.779,0.809,0.14084524549076005,0.03168218392311647,0.3612900133288017,0.37611904941915647,0.007414518045177398,0.6500703162392466,0.6646576181539171,0.0072936509573352515,0.7725372463942842,0.7852917336309503,0.006377243618333028,0.8033739278251946,0.8154455016858804,0.006035786930342901,0.6569435637285986,0.29094151651189964,0.6558991190188288,0.3560051657339647,0.6526884486750707,0.23903818953323905,0.6731391585760518,0.11401512822089663,0.6495448634590377,0.7519505851755527,0.7818595578673602,0.6571815718157181,0.7799457994579946,0.8032520325203252,0.6537924616100512,0.7859469520707306,0.8214673491546456,0.6732283464566929,0.7903543307086615,0.8195538057742782
baseline,3,1087,31087,16083,0.374,0.657,0.779,0.806,0.147600089761623,0.031414288155538594,0.36698353879161766,0.3819416946115632,0.0074790779099727644,0.6499682691785567,0.6646366809938873,0.007334205907665314,0.7721658408502593,0.7849975988643455,0.0064158790070431015,0.7993189923902557,0.8115529391143099,0.0061169733620271005,0.6536324786324786,0.2909904868494684,0.662882096069869,0.35596592675495864,0.6558272632674298,0.23901013492507617,0.6526717557251909,0.1140334514704968,0.6586508432229856,0.7570268582136165,0.7776389756402249,0.6577925679423183,0.781198003327787,0.8025513033832501,0.6583346859276091,0.7844505762051615,0.8151274143807823,0.6535003211303789,0.7864482980089916,0.8185613359023763
baseline,4,42,40042,16214,0.376,0.657,0.779,0.806,0.14337152641854253,0.029999115004726563,0.3685458492791189,0.3834556747707892,0.007454912745835152,0.6499913415279144,0.6646004596400041,0.007304559056044879,0.7721298665079782,0.78491096684188,0.006390550166950892,0.8001229183377966,0.8122890317209585,0.006083056691580935,0.6519711742263671,0.2909831010238066,0.6562716562716563,0.35598865178241024,0.6585806451612903,0.23899099543604294,0.6717144402379664,0.11403725175774022,0.6324869791666666,0.7412109375,0.765625,0.6604285326823977,0.7735286140493626,0.7987523732031462,0.6611821086261981,0.7939297124600639,0.8228434504792332,0.6701095461658841,0.7902973395931142,0.8215962441314554
baseline,4,137,40137,16195,0.374,0.659,0.782,0.812,0.1479589225975365,0.033079188632057326,0.3665827393323462,0.3814856657565707,0.007451463212112264,0.6516927238587598,0.6662929770446926,0.007300126592966416,0.7757309820815179,0.7884451624645217,0.00635709019150188,0.8056999562396759,0.8177396852714799,0.006019864515901974,0.6574702886247877,0.2909539981475764,0.6618106139438086,0.3560358135226922,0.6622739018087855,0.23896264279098486,0.6475365457498646,0.11404754553874652,0.63996138996139,0.7397039897039897,0.7702702702702703,0.6503378378378378,0.7823761261261262,0.8125,0.6618153364632238,0.7906103286384977,0.8208137715179968,0.6820349761526232,0.8066772655007949,0.833704292527822
baseline,4,251,40251,16132,0.383,0.663,0.781,0.81,0.14338624465389288,0.028154214412785584,0.37598671956981816,0.39099165731261226,0.00750246887139705,0.6558847238421924,0.670469496194276,0.007292386176041776,0.7743578377917611,0.7871251157840845,0.006383638996161678,0.8038776400415951,0.8159846669855141,0.006053513471959482,0.6573620285531643,0.29091247210513266,0.6584261838440112,0.3560624845028515,0.6814526588845655,0.23896603025043392,0.654891304347826,0.11405901314158196,0.6572173346366895,0.7526881720430108,0.7771260997067448,0.6665746618824179,0.785812862268838,0.8142423406017113,0.6666138990026912,0.7883488997942061,0.8184264682602501,0.6583413384566122,0.787383925712456,0.8203650336215178
baseline,4,389,40389,16338,0.377,0.662,0.778,0.806,0.14245651800236492,0.03185953117713006,0.3696942626085955,0.3845562008153065,0.0074309691033555,0.6543551590364185,0.668864226470292,0.00725453371693674,0.7718118785468234,0.784551365115996,0.006369743284586282,0.8002717635804641,0.8123886846764814,0.006058460548008626,0.6604964240639462,0.29097808789325497,0.6702200825309491,0.3559799241033174,0.6496798975672216,0.23901334312645367,0.6629092860976918,0.11402864487697392,0.6468908629441624,0.7528553299492385,0.7769670050761421,0.6547937868237814,0.7680771290840921,0.7956614890198179,0.6716843606401521,0.7892568531136112,0.8198383774362225,0.6644380770455269,0.7936962750716332,0.8217128303088188
baseline,4,503,40503,16142,0.374,0.657,0.778,0.808,0.1471255138474452,0.02735183387455577,0.36662133786192963,0.3815491136554444,0.007463887896757393,0.6494973110330524,0.6641438187052697,0.007323253836108656,0.7717435260229957,0.7845607052782702,0.00640858962763724,0.8015539138274785,0.8137128679301229,0.0060794770513221685,0.6568022141792633,0.2909800520381613,0.6547163243995823,0.3559658034939908,0.6638154484188699,0.23900384091190682,0.6491037479630636,0.11405030355594102,0.650374714890844,0.7380254154447703,0.7585532746823069,0.6685067623516423,0.7844327905051063,0.8117582114269942,0.6609982679892931,0.7954652810581011,0.8264840182648402,0.6411745724427235,0.7754114230396902,0.8131655372700871
baseline,4,617,40617,16072,0.369,0.661,0.783,0.81,0.14443899942882057,0.029694646129089248,0.36122705358643675,0.37614283938389453,0.007457892898728891,0.6532941283607087,0.6679332218764323,0.007319546757861839,0.7764734494320867,0.7892201065432346,0.006373328555573932,0.8042816695751502,0.8164012314059093,0.006059780915379509,0.6561163387510693,0.29094076655052264,0.6667249213561691,0.3560228969636635,0.6565998437906795,0.23898705823792932,0.6617566830332787,0.11404927824788452,0.6674237508111616,0.7556781310837118,0.781635301752109,0.6553610503282276,0.7841903719912473,0.8101750547045952,0.6621209690357773,0.7957644793839243,0.8256056473608214,0.6572073524669462,0.782650757820058,0.8087713640761045
baseline,4,743,40743,16077,0.379,0.659,0.78,0.809,0.1461690547934339,0.026746338343600278,0.3712713571893211,0.38626620850624555,0.007497425658462231,0.6519010939249003,0.666552388012264,0.007325647043681882,0.7732749921223365,0.7860862791185916,0.006405643498127556,0.8024540006465768,0.8146156930192074,0.006080846186315325,0.6650277896536981,0.2909746843316539,0.658046479119343,0.3559743733283573,0.6541764246682279,0.2390371337936182,0.6590289143480633,0.1140138085463706,0.6374711886730327,0.7441554165294699,0.7728021073427724,0.6569463548830812,0.7796423658872077,0.8063273727647868,0.6713308952138655,0.7955159802830338,0.8263634918110987,0.6588575096277278,0.7827342747111682,0.8103337612323491
baseline,4,863,40863,16291,0.375,0.659,0.777,0.807,0.14546579934578005,0.03624087167103312,0.3671605075363166,0.3820239214795505,0.007431706971616936,0.6516980166055839,0.6662553656476071,0.007278674521011608,0.7705983549853036,0.7833806416561858,0.006391143335441107,0.8008155770761846,0.8129369370936984,0.006060680008756925,0.6556962025316456,0.2909581977779142,0.655,0.3560247989687558,0.6686360133573079,0.23896630041127004,0.6598493003229279,0.11405070284206004,0.6497740477727566,0.7466107165913493,0.7737249838605552,0.6485911749069644,0.7583732057416268,0.7886762360446571,0.6654441077977994,0.7906235050231223,0.8201243820762238,0.6677215189873418,0.8022151898734177,0.835126582278481
baseline,4,971,40971,16103,0.378,0.652,0.774,0.803,0.14996165772450332,0.033002459208482965,0.370235453184407,0.38521008369850374,0.007487315257048377,0.6445975420899016,0.6593105810271719,0.0073565194686351365,0.767429886194453,0.7803497604371995,0.0064599371213732715,0.7967403189222712,0.8090271085043449,0.006143394791036871,0.655709711846318,0.290939576476433,0.6502703645560789,0.3560206172762839,0.6479605092231748,0.23902378438800223,0.656318082788671,0.11401602185928088,0.6431878306878307,0.7420634920634921,0.7648809523809523,0.6481779206859593,0.7639335476956056,0.7936763129689175,0.6551888289431926,0.7895906061567757,0.8216439225642653,0.6587848932676519,0.7855500821018062,0.813464696223317
baseline,4,1087,41087,16197,0.379,0.656,0.778,0.805,0.1493302225260126,0.028339427167861142,0.37164029465846354,0.38658214237838767,0.007470923859962064,0.6488195660766586,0.6634481620393918,0.007314297981366624,0.7713304594472629,0.7841345109651384,0.006402025758937779,0.7987896903459086,0.810993445858571,0.006101877756331198,0.6573307871843836,0.2909798110761252,0.6505376344086021,0.35599185034265607,0.6703694135882201,0.23899487559424584,0.6410395235517055,0.1140334629869729,0.6505871152015233,0.75563313233894,0.780069819105046,0.6662095447065277,0.7915523861766319,0.8167855183763028,0.659400544959128,0.7836191697387401,0.8119891008174387,0.6437836127807656,0.7725403353369187,0.8022777602024675
baseline,5,42,50042,16115,0.375,0.66,0.783,0.812,0.14075064352539138,0.027224640817973312,0.36779531919753733,0.38274506702972094,0.0074748739160918065,0.6523431079649968,0.666972642367831,0.007314767201417105,0.7761269456370591,0.7888640274115252,0.006368540887233043,0.8059323328914405,0.8179958779298633,0.006031772519211387,0.6549370867988911,0.2909711448960596,0.6592295624891058,0.35600372323921814,0.6598286159439106,0.2389699038163202,0.6730141458106638,0.11405522804840211,0.6597444089456869,0.753035143769968,0.7801916932907348,0.6658402203856749,0.7862258953168044,0.8099173553719008,0.6604282315622522,0.7933386201427438,0.8255352894528152,0.6508196721311476,0.7862295081967213,0.819344262295082
baseline,5,137,50137,16233,0.376,0.653,0.776,0.805,0.14634730424327672,0.03485606834736652,0.36866406933940093,0.3835660688175175,0.007450999739058273,0.6456325413334506,0.6602767064355245,0.007322082551036946,0.7699688410360127,0.7827864435878148,0.006408801275901044,0.7987979472385207,0.8109881333253248,0.006095093043402056,0.6459877196697015,0.2909505328651512,0.6618792178577608,0.35600320335119817,0.6505154639175258,0.2390192817100967,0.6482982171799028,0.11402698207355387,0.6514469453376206,0.7553054662379421,0.7758842443729903,0.657119021134594,0.7730812013348165,0.7961624026696329,0.6475968992248062,0.7807751937984496,0.8147286821705426,0.661033474163146,0.7926551836204095,0.8241793955151121
baseline,5,251,50251,16110,0.379,0.663,0.781,0.81,0.14325792972352872,0.032814749790818144,0.37143362475765057,0.38641431139185217,0.0074903433171008005,0.6557917722678247,0.6703874300894829,0.007297828910829085,0.7744899564883245,0.7872631142381497,0.006386578874912563,0.8035480330681628,0.8156711604480502,0.006061563689943705,0.6580631399317406,0.2909993792675357,0.6656200941915228,0.3558659217877095,0.6682242990654206,0.23910614525139665,0.6575939031028851,0.11402855369335817,0.6535458685751464,0.7439817826935589,0.7703318152244633,0.6631953959989038,0.7810359002466429,0.8128254316251028,0.6626620297186215,0.7881757824849827,0.815207081884287,0.6736360666448873,0.8030055537406077,0.8340411630186214
baseline,5,389,50389,16057,0.374,0.653,0.777,0.806,0.1472547659366578,0.028869978308902988,0.36609294362671624,0.38105604761917206,0.007481551996227909,0.6459629665565507,0.6606834796670393,0.0073602565552443044,0.7704145590289483,0.7832924148322472,0.0064389279016494605,0.7998144068336688,0.8120464311438378,0.006116012155084505,0.6517551369863014,0.29096344273525565,0.6583275017494752,0.35598181478482904,0.645127670661803,0.23902347885657346,0.659202621518296,0.11403126362334184,0.6403188309531717,0.7485885088010628,0.7744935237462637,0.6594972067039107,0.7784916201117319,0.8044692737430168,0.663690001594642,0.789347791420826,0.8215595598788072,0.6384976525821596,0.7774647887323943,0.8068857589984351
baseline,5,503,50503,16028,0.374,0.656,0.778,0.806,0.1463159440587358,0.03096181528163745,0.3665728382695289,0.3815534156725011,0.007490288701486103,0.6482724662145843,0.6629831040749824,0.0073553189301990285,0.7715133992972346,0.784380316618721,0.006433458660743185,0.799958605864822,0.8121981409932557,0.006119767564216838,0.6500857632933105,0.29099076615922137,0.6599474145486416,0.3559396056900424,0.6635343252414513,0.23901921637135012,0.6400437636761488,0.11405041177938607,0.6549479166666666,0.7506510416666666,0.77734375,0.652657946006123,0.7751182855552463,0.8001669913721124,0.6598870056497175,0.7887005649717514,0.8180790960451978,0.6515151515151515,0.7869318181818182,0.8175505050505051
baseline,5,617,50617,16230,0.371,0.65,0.773,0.802,0.14847404177053455,0.029288451454432846,0.3633336556256931,0.3781939443479324,0.007430144361119662,0.6427818652768544,0.6574551408548304,0.007336637788987965,0.7665042490235298,0.7793924166184462,0.0064440837974582,0.7962056144362787,0.8084571783804259,0.006125781972073585,0.6401948326980094,0.2909426987060998,0.6557632398753894,0.35600739371534196,0.6589327146171694,0.23900184842883548,0.6396542409508373,0.11404805914972274,0.6332996292551398,0.7384563532187395,0.7640714526457701,0.6628156904889844,0.7818377216550242,0.8103170338527673,0.655875486381323,0.7870817120622569,0.8185214007782101,0.6392811296534018,0.766367137355584,0.7962130937098845
baseline,5,743,50743,16022,0.377,0.653,0.776,0.806,0.1442487717047765,0.02891247798324544,0.36932125327560167,0.3843266300280746,0.007502688376236466,0.645883839788232,0.6606211240446815,0.007368642128224745,0.7699151741194058,0.7828171079717888,0.006450966926191515,0.7995682544481695,0.8118192935231021,0.006125519537466317,0.6443586443586443,0.2909749094994383,0.6565568022440392,0.3560104855823243,0.6641420736484722,0.23898389714143053,0.6431308155446086,0.11403070777680689,0.6353535353535353,0.7400673400673401,0.7666666666666667,0.653488989121783,0.7765985672592199,0.8044574157601486,0.6604173459406586,0.7911640039126182,0.8221388979458755,0.6560812956494125,0.7818355033343919,0.8123213718640838
baseline,5,863,50863,16412,0.372,0.655,0.78,0.808,0.1498405365144686,0.0318255518617774,0.36480194945903427,0.3795912956609722,0.007394673100968974,0.6473328724603826,0.6618806374945381,0.007273882517077723,0.7736365344432095,0.7863103890212566,0.006336927289023575,0.8023400970496687,0.8143812533805158,0.006020578165423562,0.6638743455497382,0.290945649524738,0.6488614963191235,0.3558981233243968,0.6565605095541401,0.23915427735803071,0.6451095670764297,0.11400194979283451,0.6634829672078956,0.7663164597262019,0.7901942056669851,0.654386429896634,0.7771004505698383,0.7996289424860853,0.65426114151681,0.7912431587177482,0.8215793588741204,0.646793425717048,0.7744118594908154,0.8105059619722849
baseline,5,971,50971,16144,0.376,0.66,0.784,0.813,0.13711240463073116,0.028714602023588498,0.368426084385654,0.3833673689263973,0.007470642270371641,0.6526528319369416,0.6672660852761179,0.0073066266695881454,0.7774661891207312,0.7901638525313989,0.006348831705333846,0.8065930720009515,0.8186298060832624,0.006018367041155437,0.6484990419416649,0.29094400396432113,0.6670146137787056,0.3560455896927651,0.661741835147745,0.23897423191278494,0.6637696903856599,0.11403617443012884,0.6534749034749034,0.7577220077220077,0.7844272844272844,0.6613259668508288,0.7883977900552486,0.8157458563535912,0.6584197924980048,0.7918595371109337,0.8215482841181165,0.6680418914630276,0.7886385274516027,0.8194224055855284
baseline,5,1087,51087,16237,0.369,0.655,0.778,0.808,0.14564784048708604,0.0293355963254369,0.36176579989859486,0.3766098271378759,0.007422013619640511,0.647390087798082,0.6620150602701067,0.007312486236012328,0.7712693424583029,0.7840590218057756,0.00639483967373633,0.8020250371146063,0.8141376129786007,0.006056287931997195,0.6519898391193903,0.29094044466342306,0.6549039958484691,0.35603867709552256,0.6543814432989691,0.23896039908850156,0.661987041036717,0.11406047915255281,0.6480519480519481,0.7542207792207792,0.775974025974026,0.6604336043360434,0.778319783197832,0.8084010840108401,0.6562401263823064,0.7868878357030016,0.8213270142180095,0.6515779407076825,0.7816385081287854,0.8128785463818935
baseline,6,42,60042,16114,0.369,0.66,0.78,0.809,0.1472570257490321,0.028568650009247715,0.3613303913128703,0.376227520907833,0.00744856479748135,0.652945320643873,0.6675690588993531,0.007311869127740067,0.7734799350557893,0.7862724327798645,0.006396248862037601,0.8025918604825043,0.8147364547430281,0.006072297130261917,0.6577095329494562,0.29098920193620453,0.6623082287308228,0.3559637582226635,0.670301142263759,0.23904679160978032,0.6396298312465977,0.11400024823135162,0.6615136876006441,0.7555555555555555,0.7777777777777778,0.6678331090174966,0.7814266487213998,0.8069986541049798,0.6592748462285529,0.7916801553900938,0.8217869860796374,0.6521181001283697,0.7792041078305519,0.8157894736842105
baseline,6,137,60137,16225,0.371,0.66,0.784,0.814,0.14495024213911445,0.02863272262943421,0.3638758305555274,0.37874289091871505,0.007433530181593817,0.6527666778101927,0.6673424296691729,0.007287875929490095,0.7780120590546689,0.7906668539245545,0.006327397434942816,0.8076173273825351,0.8195993434610573,0.005991008039261114,0.6583350984960813,0.2909707241910632,0.6660318559556787,0.3559938366718028,0.6614234141309954,0.23901386748844375,0.6432432432432432,0.1140215716486903,0.6580310880829016,0.7626295336787565,0.7856217616580311,0.6701715550636413,0.7935805201992252,0.8248478140564471,0.6552590266875982,0.786342229199372,0.8158555729984301,0.6603235014272122,0.7913098636219473,0.8239771646051379
baseline,6,251,60251,16280,0.379,0.647,0.775,0.805,0.14774124907549518,0.032809840744819165,0.37138613604228377,0.38628775339176724,0.007450808674741738,0.639800113012408,0.6544793400621047,0.007339613524848354,0.7690171913553409,0.7818356246042545,0.006409216624456815,0.7990658614095347,0.8112323866402376,0.006083262615351415,0.6381676166350011,0.290970515970516,0.6551069703243616,0.356019656019656,0.6548445129786687,0.239004914004914,0.6293103448275862,0.114004914004914,0.650096215522771,0.757857601026299,0.7860808210391277,0.6503589470885403,0.7710715235309759,0.7971284232916778,0.6467963021995538,0.787535862288811,0.8190946764424609,0.641189638631276,0.7742244963223537,0.8062040294211704
baseline,6,389,60389,16243,0.372,0.654,0.778,0.806,0.15102787966490044,0.029035225333498615,0.3648801356436693,0.37974715240719714,0.007433508381763931,0.646158736474256,0.6607932313469849,0.007317247436364416,0.7715400255393345,0.7843218596408594,0.006390917050762446,0.7995441385118384,0.811713128869903,0.006084495179032312,0.6639864578925095,0.29095610416794926,0.648971122254885,0.35603028997106445,0.6501803194229778,0.23899525949639844,0.6479481641468683,0.11401834636458782,0.6420472951085195,0.7473275024295433,0.7755102040816326,0.6611859838274933,0.778167115902965,0.8016172506738545,0.6562696912413358,0.7893824826717076,0.8204158790170132,0.6500968366688186,0.7850225952227243,0.8105229180116204
baseline,6,503,60503,16335,0.376,0.66,0.78,0.811,0.14982408649555687,0.03128246230084675,0.3684822975027389,0.3833360933432803,0.007426897920270681,0.6522002862822252,0.6667329727316818,0.0072663432247283,0.7739343995436366,0.7866316567427526,0.006348628599557982,0.8051904908457309,0.8171914532940544,0.006000481224161747,0.6709446665264044,0.29097030915212735,0.6545141874462597,0.3559840832568105,0.6570184426229508,0.23899602081420263,0.6511003757380569,0.1140495867768595,0.648420394119487,0.7503909915545824,0.7719737253675321,0.66,0.7759459459459459,0.8089189189189189,0.661847894406034,0.7905405405405406,0.8236957888120678,0.6655823031880286,0.7957059206245933,0.8292127521145087
baseline,6,617,60617,16188,0.377,0.663,0.784,0.812,0.14659332402584788,0.029747172146426814,0.3696949131830744,0.3846258059623006,0.007465446389613106,0.6556404309296149,0.6702026776146288,0.007281123342506968,0.7778812836027544,0.7905531309236327,0.006335923660439113,0.8057412952669429,0.8177825909845133,0.0060206478587852,0.6664543524416136,0.2909562638991846,0.6642373763664758,0.356004447739066,0.666322047040579,0.2390042006424512,0.643011917659805,0.11403508771929824,0.6492078887811187,0.748464274167475,0.7714193339799548,0.6706040268456376,0.7871140939597315,0.8123489932885906,0.6648927592323819,0.7922915658764715,0.8198677632639897,0.6636162827390344,0.8002524455664247,0.8349637109498265
baseline,6,743,60743,16109,0.377,0.658,0.779,0.81,0.14535695975455235,0.02823780694131268,0.36966400294470314,0.3846313536235636,0.007483675339430229,0.6504676272598429,0.6651191653267607,0.00732576903345894,0.7727828380192361,0.785591669926029,0.0064044159533964695,0.8039756183959186,0.8160888151798449,0.006056598391963153,0.6535097077021549,0.29095536656527404,0.6678291194420227,0.35601216711155254,0.6475324675324675,0.23899683406791233,0.6592270005443658,0.11403563225526103,0.6591349257585539,0.7585539057456423,0.7853453841187863,0.654015401540154,0.778052805280528,0.8105060506050605,0.663827735818737,0.7943114253575446,0.8225936043708822,0.6491116751269036,0.771256345177665,0.8093274111675127
baseline,6,863,60863,16161,0.367,0.656,0.78,0.809,0.14252178433930338,0.028827339924216305,0.3594111025172346,0.37427017277593,0.007429535129347686,0.6489122027095735,0.6635560617490155,0.007321929519720993,0.77363587029608,0.7864067347610583,0.006385432232489108,0.8032263660378473,0.8153383095355898,0.006055971748871292,0.6518502764780945,0.29094734236742775,0.6604101494612443,0.3560423241136068,0.6540652511651994,0.2389703607450034,0.6592512208355942,0.11403997277396201,0.6554461733883773,0.7542076849793585,0.7761194029850746,0.65616362631288,0.7824765063571034,0.8098396904367053,0.6601587301587302,0.7903174603174603,0.8217460317460318,0.6493212669683258,0.7828054298642534,0.8173884938590821
baseline,6,971,60971,16170,0.376,0.651,0.776,0.804,0.14674032166669834,0.028676821917931177,0.3687539734136095,0.383685793277317,0.007465909931853754,0.6439491725294455,0.6586381855661105,0.0073445065183325164,0.7700133237507395,0.7828547097781656,0.0064206930137130636,0.7982673535659427,0.8104933999708052,0.006113023202431234,0.6433581296493093,0.2909709338280767,0.6586170952050034,0.3559678416821274,0.6522639068564037,0.23902288188002474,0.6469631236442517,0.11403834260977118,0.6287030941408822,0.7399605003291639,0.7666227781435154,0.6504985179196981,0.7747237941255726,0.7954729183508489,0.6618395926161681,0.7937619350732018,0.8252705283259071,0.6531718202103921,0.779407076824992,0.8100095632770162
baseline,6,1087,61087,16083,0.373,0.657,0.777,0.806,0.1453903878219486,0.031503738020518764,0.3658691193598546,0.3808182602187445,0.007474570429444938,0.6497183460253655,0.6643893032971715,0.007335478635903003,0.7705329207233895,0.7833980634668196,0.006432571371715046,0.799948044595468,0.8121671390338653,0.006109547219198652,0.6487179487179487,0.2909904868494684,0.6614255765199162,0.3559037493005036,0.658777633289987,0.2390723123795312,0.6613958560523446,0.1140334514704968,0.6480026195153896,0.7560576293385723,0.779305828421742,0.6548744261409668,0.7720766945719687,0.8039427491223332,0.6616756928958267,0.7862376553042371,0.8177763618986938,0.6594488188976378,0.7851049868766404,0.8116797900262467
baseline,7,42,70042,15961,0.375,0.655,0.772,0.803,0.14729771433941816,0.03501691337461125,0.3670601017153791,0.3820761502847661,0.007508024284693493,0.6471192726259839,0.6618722052474953,0.007376466310755725,0.7654330183907745,0.7784496092953028,0.006508295452264168,0.7963334016275216,0.8086835626497815,0.006175080511129916,0.6496554694229113,0.2909592130818871,0.6578669482576558,0.35599273228494455,0.655832241153342,0.23902011152183447,0.6538461538461539,0.11402794311133388,0.6435351882160393,0.7384615384615385,0.7659574468085106,0.640281690140845,0.7602816901408451,0.7892957746478874,0.6620259241478637,0.7870059209473516,0.818851016162586,0.6665593820405535,0.7882201480527841,0.8210492436433859
baseline,7,137,70137,16036,0.387,0.669,0.786,0.812,0.14337773368636816,0.02538181263898363,0.379866216987461,0.39494452677948505,0.007539154896012035,0.6619223679528246,0.6764849639500043,0.007281297998589897,0.7799435047464636,0.7926307281561855,0.006343611704860974,0.8054848602236685,0.8175886244920408,0.006051882134186171,0.6680240034290613,0.29097031678722873,0.6722718514626029,0.35601147418308804,0.668580375782881,0.23896233474681966,0.6642974302897758,0.11405587428286355,0.6494609604704344,0.7569421757595557,0.7785037569421758,0.6763100436681223,0.7865720524017468,0.8127729257641921,0.6758931445123914,0.8014161570646926,0.8266816865143225,0.6670971908298353,0.7849531804972554,0.8127219890216338
baseline,7,251,70251,16121,0.378,0.661,0.782,0.812,0.14225609098802938,0.0338676561822463,0.37025204939150685,0.38521841674938223,0.007483183678937688,0.653656234851069,0.66826940812703,0.00730658663798045,0.7755205392794754,0.7882679446954616,0.00637370270799309,0.8056276044577902,0.8176963480702147,0.0060343718062122464,0.6503943722020891,0.290986911481918,0.6711970726607422,0.3559952856522548,0.6610433428497274,0.2390050245022021,0.6561479869423286,0.11401277836362508,0.6638101516150297,0.7600527356624918,0.7847725774555043,0.6635737009544008,0.7804878048780488,0.8101802757158006,0.6535586610334742,0.7855053623659408,0.8163795905102372,0.6697247706422018,0.7978487820310028,0.8304334071496362
baseline,7,389,70389,16271,0.377,0.662,0.781,0.811,0.14706081273112281,0.033405754339428294,0.36938932410492964,0.38427955338509767,0.007445114640084016,0.6549781701388202,0.6695103950832217,0.00726611247220077,0.7747251939773698,0.7874308149634484,0.006352810493039263,0.804738133492545,0.8167732918475332,0.006017579177494126,0.6660329531051965,0.2909470837686682,0.6594165372000691,0.35603220453567697,0.6544098740035998,0.2390141970376744,0.678167115902965,0.11400651465798045,0.6572619429304264,0.7518435395960243,0.7755690926579032,0.6667569030860856,0.7799133730373579,0.8072550081212777,0.6562155348983771,0.7877737513786041,0.819442256184024,0.6743812279009964,0.7984570877531341,0.8328511732561877
baseline,7,503,70503,16218,0.376,0.656,0.779,0.808,0.14696925375504646,0.027160182106897617,0.3683316151319212,0.3832378984059253,0.007453141637002059,0.6482803966786265,0.6629049868600713,0.007312295090722398,0.7725595263629343,0.7853302757419021,0.006385374689483858,0.8017939997648179,0.8139190768565195,0.006062538545850815,0.6499258317440135,0.2909729929707732,0.6608936612400416,0.35602417067455916,0.6615067079463365,0.2389937106918239,0.6414277988101676,0.11400912566284375,0.6421663442940039,0.7508059316569955,0.7727272727272727,0.6558759521218716,0.7845484221980413,0.8139281828073993,0.6640883977900552,0.7902131018153118,0.8194159431728493,0.6515297906602254,0.7777777777777778,0.81256038647343
baseline,7,617,70617,16277,0.374,0.653,0.777,0.806,0.14431132464461693,0.032330887835762,0.36643813847966356,0.38130217489578255,0.007432018208059499,0.6455356575123026,0.6601610701064957,0.007312706297096572,0.7705259790027228,0.7833151688652105,0.0063945949312438355,0.8000233832981697,0.8121685564600306,0.006072586580930461,0.6449841605068638,0.29090127173312036,0.6587301587301587,0.3560852736990846,0.6588688946015424,0.23898752841432697,0.6422413793103449,0.11402592615346809,0.6408802934311437,0.7495831943981327,0.7769256418806268,0.651824034334764,0.7719957081545065,0.7996244635193133,0.6554412223261615,0.784845650140318,0.8160274399750546,0.6603954081632653,0.7930484693877551,0.8217474489795918
baseline,7,743,70743,16033,0.373,0.65,0.774,0.805,0.15000336809078277,0.030652891979858026,0.36596101483988036,0.3809342840449074,0.007486634602513531,0.6429295187649554,0.6576907729513387,0.0073806270931916496,0.767741601787336,0.7806830955046795,0.006470746858671772,0.7988218130363829,0.8110863125137255,0.006132249738671325,0.6508038585209003,0.29096239007047964,0.6629292221443588,0.3560157175824861,0.6346555323590815,0.23900704796357514,0.6427789934354485,0.11401484438345912,0.645326504481434,0.7448783610755442,0.7740076824583867,0.6525330396475771,0.7747797356828194,0.8042400881057269,0.6523556841936002,0.7838880849011095,0.8144396205177681,0.6487900588620014,0.7841726618705036,0.8185088293001962
baseline,7,863,70863,16270,0.377,0.656,0.778,0.807,0.14348256394320202,0.03372761459601259,0.36990183155636164,0.38479653050708623,0.007447349475362297,0.6484099947396782,0.6630100205565257,0.0073000129084237475,0.7712346755824582,0.7840122183039859,0.0063887713607638785,0.8011191265056027,0.8132410378455116,0.00606095566995446,0.6531474440219688,0.29096496619545176,0.65521408839779,0.35599262446220037,0.6559526870660838,0.23902888752304854,0.663611859838275,0.11401352181929933,0.6496350364963503,0.7515074579498572,0.7768962234211362,0.6510430777567054,0.7713356813871579,0.7984286101327553,0.6545889864325618,0.7870710295291301,0.8202713487629689,0.6696174517862789,0.7926019601644009,0.8220044261776794
baseline,7,971,70971,16178,0.379,0.66,0.785,0.811,0.1370341036061692,0.028737055211629392,0.37183309543433163,0.3867852314191459,0.007476067992407132,0.652322670724296,0.6669240582759435,0.007300693775823763,0.7781192935988349,0.7907899954403063,0.006335350920735672,0.8053714539472442,0.8174253975557392,0.006026971804247494,0.6460590609730189,0.2909506737544814,0.6614583333333334,0.35603906539745334,0.6743404035178479,0.2389664977129435,0.6579945799457995,0.11404376313512177,0.6533117932148627,0.7544426494345718,0.7744749596122779,0.6607191874828439,0.7839692561076036,0.8111446609936865,0.6615237792269762,0.7959281056147606,0.8261491967552091,0.6609578179511576,0.7919441801458929,0.8189026324135744
baseline,7,1087,71087,16424,0.381,0.661,0.782,0.809,0.14240765984083487,0.02955955140035509,0.37381104313000624,0.388665361560918,0.007427159215455892,0.653890868988866,0.6683669253643495,0.007238028187741774,0.7755848780361653,0.7882140814083914,0.006314601686113086,0.803161600117726,0.815178912734553,0.006008656308413518,0.6595522075748065,0.2909766195811008,0.6528134085855994,0.3560034096444228,0.6692993630573248,0.23897954213346323,0.6743192738921516,0.11404042864101314,0.6675257731958762,0.760631443298969,0.7857603092783505,0.6546610169491526,0.7804555084745762,0.8090572033898306,0.667979209324303,0.7942983146952276,0.8218617105055914,0.6491392801251956,0.7799687010954617,0.8071987480438184
baseline,8,42,80042,16287,0.373,0.657,0.778,0.808,0.15180741954430482,0.03215919237728057,0.3654781968151715,0.3803299018898088,0.007425852537318645,0.6497620133950412,0.6643408503882515,0.007289418496605138,0.7717205069529393,0.7844815740985395,0.006380533572800107,0.8013880300027166,0.8134973298794884,0.006054649938385892,0.6604768938594641,0.29096825689199973,0.660055191445326,0.35598943943022043,0.6596455175956846,0.23902498925523424,0.633817985998923,0.11401731442254559,0.6463454605047525,0.7427073090789905,0.7689282202556539,0.6618551189521519,0.7800053461641272,0.8067361668003208,0.6531864673485445,0.785837922895358,0.8169944925255704,0.6697452229299363,0.7949044585987262,0.8267515923566879
baseline,8,137,80137,16189,0.372,0.663,0.783,0.812,0.14354246431312165,0.032894454043733486,0.36499721462877827,0.37989005704069817,0.007446421205959952,0.6556615828032322,0.6702231587605958,0.007280787978681813,0.7768963639678774,0.7895885203158051,0.006346078173963821,0.806065824798561,0.8180988678270991,0.006016521514269013,0.6626326963906581,0.29093829143245414,0.6625607217210271,0.3560442275619248,0.658051176014474,0.23898943727222188,0.6755146262188516,0.11402804373339923,0.660708686108498,0.7597993101285669,0.7833176544371276,0.667390714091773,0.7811566657616074,0.8083084442030953,0.659437751004016,0.7863453815261044,0.8202409638554217,0.6672056921086675,0.8040103492884865,0.8302069857697283
baseline,8,251,80251,16233,0.374,0.655,0.779,0.808,0.14845625771104065,0.030134226351381244,0.36706911681849175,0.38195842804589875,0.007444655613703499,0.6474274894555432,0.6620538816012516,0.007313196072854189,0.7725821286336748,0.7853465759242363,0.006382223645280738,0.802038772041501,0.8141524951074008,0.006056861532949931,0.6663137836121109,0.2909505328651512,0.6509776777989271,0.35600320335119817,0.6556701030927835,0.2390192817100967,0.6353322528363047,0.11402698207355387,0.6511175898931001,0.7525105280207322,0.7781017168772271,0.6556345733041575,0.7770787746170679,0.8025164113785558,0.6573360591287938,0.7895895581066206,0.8197829847460293,0.6521877994251039,0.7860108591504311,0.8208240178856595
baseline,8,389,80389,16210,0.371,0.655,0.775,0.804,0.14844091776881965,0.03142225021789704,0.36360026920578303,0.37847196122725635,0.0074358460107366575,0.6477978747136953,0.6624308868649303,0.007316506075617513,0.7680862924593331,0.7809507722668944,0.006432239903780612,0.7975151282407359,0.8097437955173449,0.006114333638304492,0.656561373754505,0.29099321406539175,0.6464471403812825,0.35595311536088836,0.6660645161290323,0.2390499691548427,0.6558441558441559,0.11400370141887724,0.652460043873394,0.7464744594171107,0.7699780633030398,0.6535326086956522,0.7728260869565218,0.8046195652173913,0.6596156951396738,0.7849184563216535,0.8154367834652027,0.6509853782581055,0.7848061029879212,0.813731722822632
baseline,8,503,80503,16148,0.38,0.659,0.779,0.807,0.14353399691578714,0.03137860931097375,0.37209624835732524,0.3870643417267181,0.007484046684696433,0.6519293415618863,0.6665482740184943,0.0073094662283039735,0.7729539500605843,0.7857439509886682,0.0063950004640419555,0.8013140749811036,0.8134765009740246,0.006081212996460472,0.6494998935943818,0.29099578895219225,0.6565762004175365,0.3559573941045331,0.677720207253886,0.2390388902650483,0.6539923954372624,0.1140079266782264,0.6462233699160749,0.7537120723047127,0.7743705616526791,0.6626506024096386,0.7732749178532311,0.8003833515881709,0.6612514074312369,0.7886440405340196,0.8209747466623774,0.6642565231059415,0.7934611757309022,0.8214397988054071
baseline,8,617,80617,16086,0.372,0.655,0.778,0.807,0.14628770726215715,0.02770515479165504,0.3643149409031186,0.3792499677781452,0.0074675134375132846,0.6477219000759235,0.6624116689208032,0.007344884422439857,0.7710778624904393,0.7839307088804561,0.006426423195008413,0.8012431517789149,0.8134303947897474,0.006093621505416258,0.6532792138431959,0.2909983836876787,0.6545581557806497,0.35596170583115755,0.659297789336801,0.23902772597289568,0.6526717557251909,0.11401218450826806,0.6476033057851239,0.7471074380165289,0.7745454545454545,0.6623268698060942,0.7864265927977839,0.8102493074792244,0.6566744730679157,0.7868852459016393,0.819672131147541,0.6506894287590282,0.7777413000656599,0.8108995403808273
baseline,8,743,80743,16296,0.377,0.659,0.781,0.809,0.14526964835577985,0.028704396343184852,0.36918598473569497,0.3840631511332081,0.007438583198756565,0.6519892813004733,0.6665414214764174,0.007276070087972042,0.7746354107192703,0.7873332405589113,0.006348914919820481,0.8032978687549699,0.8153584499665567,0.006030290605793409,0.6528890763390974,0.29099165439371627,0.6652301327357352,0.3559769268532155,0.6608472400513479,0.23901570937653413,0.6539289558665231,0.11401570937653412,0.6518324607329843,0.7473821989528796,0.7771596858638743,0.6702244116037219,0.794471811713191,0.8196496989600438,0.6512172284644194,0.7862047440699126,0.8166354556803995,0.6702328508495909,0.7876022655758339,0.8140339836375079
baseline,8,863,80863,16129,0.382,0.665,0.787,0.813,0.14140437384787055,0.02771195163371924,0.3740809364460382,0.3890730016673814,0.00749603261067161,0.6575036488362315,0.6720725121297325,0.007284431646750522,0.7802672707628814,0.792911356367506,0.0063220428023123,0.8067276504101166,0.818766620853292,0.006019485221587684,0.6607713616023866,0.2909665819331639,0.6635318704284221,0.356004712009424,0.6765239948119326,0.23901047802095604,0.6547036432843937,0.11401822803645607,0.6522988505747126,0.7551085568326947,0.7777777777777778,0.6673092811897549,0.7948223629854034,0.8187827044891215,0.66912,0.79232,0.82128,0.6659178433889602,0.7974967907573812,0.8241335044929397
baseline,8,971,80971,15944,0.376,0.665,0.783,0.812,0.13844219584366887,0.03634775851133309,0.3680783144768182,0.3831105862205651,0.007516135871873442,0.6573345373410974,0.671989024538273,0.007327243598587829,0.7765242516357896,0.7893203451653222,0.006398046764766296,0.805763338707712,0.8178947242115987,0.006065692751943352,0.6585471006682475,0.29095584545910685,0.6682522903453136,0.3559959859508279,0.668066124376804,0.2390240842950326,0.6622662266226622,0.11402408429503261,0.6749246735855373,0.7663207231335788,0.783729494476063,0.655881546476556,0.7683027145599123,0.7984644913627639,0.6637889688249401,0.7913669064748201,0.8227018385291767,0.6671031096563012,0.7996726677577741,0.8333878887070376
baseline,8,1087,81087,16105,0.377,0.655,0.776,0.805,0.14909933696092809,0.03205274712186151,0.36975635721550754,0.384726299066866,0.007484970925679235,0.6473864393210917,0.6620709458704046,0.0073422532746564295,0.7694026174237572,0.7822819928464189,0.006439687711330855,0.7987126201474121,0.8109525714204285,0.006119975636508235,0.656423388817755,0.29096553865259234,0.6582940868655154,0.3559764048432164,0.6449350649350649,0.2390561937286557,0.6601307189542484,0.11400186277553555,0.6390782213567023,0.7484582927620902,0.7728010386238234,0.6549945711183496,0.7717155266015201,0.7983170466883822,0.6602604828462516,0.7825603557814486,0.8165501905972046,0.6590013140604468,0.7950065703022339,0.8212877792378449
baseline,9,42,90042,16198,0.372,0.655,0.779,0.808,0.1447972038182084,0.03366743185931239,0.36411707145812333,0.378998550657328,0.007440739599602342,0.6477865664943592,0.6624250825320082,0.007319258018824493,0.7721551682694332,0.784941995302392,0.006393413516479374,0.8023622629341703,0.8144811951576553,0.006059466111742462,0.6501166984935285,0.29096184714162243,0.6608288538234784,0.3560316088405976,0.650994575045208,0.23898012100259292,0.6589063345966432,0.11402642301518706,0.6588197355691713,0.7555627217026766,0.7803934214769429,0.6468673718470301,0.7756983997830215,0.8068890697043667,0.6554449186028133,0.784257942152679,0.8165007112375533,0.6607200778462536,0.7937074278300357,0.8222510541680181
baseline,9,137,90137,16118,0.383,0.663,0.784,0.812,0.147728773076542,0.027385319987129075,0.37545007829260774,0.3904575584627367,0.007503740085064492,0.6558369396959473,0.6704285162306262,0.007295788267339454,0.777986354577034,0.7906831701254045,0.006348407774185216,0.8057799393850965,0.8178460860684721,0.006033073341687789,0.6686567164179105,0.2909790296562849,0.6693970024398745,0.35599950366050376,0.6606957424714434,0.23898746742772056,0.6349292709466812,0.11403399925549075,0.6574193548387097,0.76,0.7861290322580645,0.6638046686342903,0.784813522940703,0.8103031929165548,0.6677434986270393,0.7972863834598611,0.8260377968018091,0.6590322580645162,0.7825806451612903,0.8112903225806452
baseline,9,251,90251,16282,0.375,0.659,0.778,0.808,0.14439449733924617,0.03193159705864179,0.3673034820045016,0.382172160691176,0.007434339343337204,0.6513831390534913,0.6659477135319841,0.007282287239246399,0.7718368043561437,0.7845974421859572,0.006380318914906757,0.8015758299377435,0.8136825181478721,0.006053344105064307,0.6523849725622626,0.2909961921139909,0.6645962732919255,0.35597592433361996,0.6563865330249293,0.23897555582852228,0.6612816370490038,0.11405232772386685,0.6466261592580749,0.7457627118644068,0.7703869523504957,0.6584714056654195,0.778995189738108,0.8035809727418493,0.661423578010804,0.7851922465840483,0.8190340006355259,0.6655979480602757,0.7960884899006092,0.8271882013465854
baseline,9,389,90389,16328,0.373,0.653,0.777,0.808,0.1464433320721588,0.027123854838308564,0.3657138291089687,0.3805487111792006,0.007417441035115935,0.6460827057680095,0.6606800049357241,0.007298649583857286,0.770373728454628,0.7831462126155816,0.006386242080476778,0.8023185819533154,0.8143908037169447,0.00603611088181466,0.649126499684277,0.29097256246937775,0.6612764493376914,0.3560142087212151,0.6455663762173245,0.23897599216070553,0.6562835660580022,0.11403723664870162,0.6380032206119163,0.7491143317230273,0.7739130434782608,0.6643262219821766,0.7831487982716716,0.8104239805563057,0.6584205518553758,0.7852838566444655,0.8198541071994926,0.6459240821406347,0.7797137523335408,0.8170504044803982
baseline,9,503,90503,16145,0.38,0.663,0.78,0.809,0.14280666042508575,0.029846964665401005,0.3725976111271949,0.3875709448638428,0.0074866668683239435,0.655599967519815,0.6701819139496272,0.007290973214906127,0.7740381859856152,0.7868069956279068,0.006384404821145773,0.8030321133457063,0.8151546425390004,0.00606126459664702,0.6568752660706684,0.2909879219572623,0.668522707499565,0.35596159801796223,0.6677895827934698,0.2390213688448436,0.6507332971211298,0.11402911117993186,0.6584065244667503,0.7572145545796738,0.777603513174404,0.6668488658103306,0.7857338070511068,0.8103306914457502,0.6626189694781752,0.7863472267804398,0.81851000984575,0.66354556803995,0.7865168539325843,0.8214731585518102
baseline,9,617,90617,16137,0.375,0.663,0.782,0.812,0.14709991668375844,0.025303130285844844,0.3675994966997402,0.38253744783232185,0.007468975566290836,0.6556793251626967,0.6702640258952806,0.007292350366291944,0.7756795722520347,0.7884174076724817,0.006368917710223521,0.8055687198857672,0.8176329847886658,0.00603213245144929,0.6613418530351438,0.29094627254136457,0.6696257615317668,0.35601412902026397,0.6660617059891107,0.23901592613249054,0.6402173913043478,0.1140236723058809,0.6494440810987574,0.7482014388489209,0.7743623283191629,0.6730229949523275,0.7874369040942232,0.8151991026360067,0.6662962374980156,0.7945705667566281,0.8245753294173679,0.6583696328562539,0.7840696950840075,0.8179838207840697
baseline,9,743,90743,16248,0.376,0.661,0.779,0.807,0.14423747582523216,0.030179229175914386,0.36838302097651293,0.3832758925585537,0.007446435791020389,0.6538739693580368,0.6684279659500209,0.007276998295992043,0.772666858221737,0.7854237399539182,0.006378440866090629,0.8011622232209323,0.8132912181662886,0.006064497472678121,0.6592639593908629,0.29098966026587886,0.661134163208852,0.3559822747415066,0.6646922482616534,0.2389832594780896,0.6589314624932542,0.11404480551452487,0.643368010403121,0.7350455136540962,0.7578023407022106,0.6511691136487221,0.7756933115823818,0.8031538879825992,0.6743002544529262,0.7975508905852418,0.8258587786259542,0.6640673736743605,0.7891453524641298,0.8231441048034934
baseline,9,863,90863,16220,0.38,0.661,0.785,0.813,0.14175874628391028,0.030328452818974727,0.3726452492528722,0.38758416521577016,0.00746945798144899,0.6534037489950656,0.6679751283726721,0.007285689688803276,0.7786291528758973,0.7912728609603326,0.006321854042217634,0.8064974586560665,0.8185086434745166,0.006005592409225047,0.6544491525423729,0.2909987669543773,0.6641842743332179,0.355980271270037,0.663312693498452,0.23896424167694205,0.6605405405405406,0.11405672009864365,0.6583306268268918,0.7521922702176032,0.7823968821045794,0.6556578234975636,0.7788305360043314,0.8010286951813752,0.6647068170983632,0.7986651835372637,0.827745113618306,0.6610653138871274,0.7970830691185796,0.8253012048192772
baseline,9,971,90971,16197,0.378,0.657,0.776,0.806,0.15175505206008605,0.028053937935887646,0.37028758326397887,0.38521894548326835,0.0074656811096447395,0.6495019890494754,0.6641236932113769,0.007310852080950725,0.7696468055956801,0.7824850046431165,0.006419099523718219,0.8001013331931793,0.8122742609241039,0.006086463865462299,0.6649692340335243,0.2909798110761252,0.6586888657648283,0.35599185034265607,0.6512529062257815,0.23899487559424584,0.642122360584732,0.1140334629869729,0.6340996168582376,0.7369093231162197,0.7637292464878672,0.6622318761878903,0.7743687211512355,0.8061363019277763,0.6654963293967443,0.7923715288860517,0.8233322693903606,0.6559691912708601,0.7849807445442876,0.8148267008985879
baseline,9,1087,91087,16335,0.375,0.656,0.78,0.81,0.1445492315007472,0.029529704600313594,0.3674459387336307,0.3822915212341554,0.0074227912502623505,0.6488169046830006,0.6633839309013287,0.007283513109164086,0.7731923423772722,0.7859048215244819,0.006356239573604872,0.8034559755169366,0.8154985530587,0.006021288770881705,0.6602146013044393,0.29097030915212735,0.6536543422184007,0.3559840832568105,0.6506147540983607,0.23899602081420263,0.6650563607085346,0.1140495867768595,0.6524216524216524,0.7565685343463121,0.7815764482431149,0.6570730382840076,0.7827857724680967,0.806950855281021,0.6565244667503137,0.7885821831869511,0.8224592220828105,0.6580044914982355,0.7808790503689444,0.8145652871350658
