run_id,seed,master_seed
1,292351370,424242
1,1341256699,424242
1,416835502,424242
1,763349482,424242
1,44908446,424242
1,1713113441,424242
1,1147143711,424242
1,23387370,424242
1,292388980,424242
1,204458701,424242
1,1601086482,424242
1,1703094518,424242
1,1185259057,424242
1,1710365633,424242
1,716346497,424242
1,1841595959,424242
1,721975090,424242
1,136980620,424242
1,1143060331,424242
1,529521767,424242
2,1221498905,424242
2,1728044253,424242
2,327012657,424242
2,1659548418,424242
2,539947928,424242
2,940247982,424242
2,695069784,424242
2,1446595615,424242
2,53625194,424242
2,1385533002,424242
2,127334393,424242
2,112289692,424242
2,553624774,424242
2,755599054,424242
2,2005646216,424242
2,1975599476,424242
2,1611699418,424242
2,663185624,424242
2,1752504866,424242
2,2068439656,424242
3,114440970,424242
3,1950014750,424242
3,336799430,424242
3,371817263,424242
3,1680762777,424242
3,613482620,424242
3,1478774816,424242
3,1565361431,424242
3,890089131,424242
3,1274214445,424242
3,1154998120,424242
3,1893926320,424242
3,1176997527,424242
3,1447394461,424242
3,736534447,424242
3,1270133631,424242
3,1131493692,424242
3,242238334,424242
3,1237729361,424242
3,1292227070,424242
4,312666791,424242
4,1551211111,424242
4,146439625,424242
4,504845651,424242
4,1321243515,424242
4,1882674040,424242
4,1350369365,424242
4,630068398,424242
4,1304392501,424242
4,379420529,424242
4,2047484299,424242
4,114781746,424242
4,950326246,424242
4,93746800,424242
4,208796329,424242
4,1844692481,424242
4,945399130,424242
4,1459590147,424242
4,92275994,424242
4,1050487964,424242
5,1767453107,424242
5,1442708769,424242
5,1473747842,424242
5,2016727171,424242
5,910452200,424242
5,146275104,424242
5,2012898428,424242
5,1941399102,424242
5,136138034,424242
5,340722944,424242
5,381733929,424242
5,1881535079,424242
5,618933356,424242
5,685627009,424242
5,1850085522,424242
5,1583069419,424242
5,1441412120,424242
5,2049143585,424242
5,552149042,424242
5,477074035,424242
6,918959951,424242
6,1539781284,424242
6,1200229293,424242
6,1855441051,424242
6,692994262,424242
6,937853828,424242
6,1019188889,424242
6,274332115,424242
6,1372969632,424242
6,265066430,424242
6,1922533538,424242
6,1301678458,424242
6,703128895,424242
6,525868873,424242
6,977369220,424242
6,548383395,424242
6,1828552489,424242
6,589138443,424242
6,139306017,424242
6,2028722648,424242
7,1735308859,424242
7,845457663,424242
7,800328817,424242
7,2081538260,424242
7,577178648,424242
7,1518334675,424242
7,1387778220,424242
7,1773326528,424242
7,331255869,424242
7,1314835276,424242
7,1387850506,424242
7,754319690,424242
7,802538137,424242
7,1256327469,424242
7,350363138,424242
7,1680132812,424242
7,561342652,424242
7,1045589983,424242
7,9424194,424242
7,901017597,424242
8,16859743,424242
8,735473688,424242
8,1259255297,424242
8,271027767,424242
8,994597780,424242
8,1295272221,424242
8,469085537,424242
8,1925898146,424242
8,980242564,424242
8,39640871,424242
8,634799484,424242
8,32303227,424242
8,307744846,424242
8,11030775,424242
8,661166113,424242
8,701210798,424242
8,1529156961,424242
8,1308470846,424242
8,401138159,424242
8,304612541,424242
9,266973927,424242
9,739718497,424242
9,543834572,424242
9,273493154,424242
9,536693415,424242
9,1194235966,424242
9,1075240022,424242
9,597520909,424242
9,101156758,424242
9,1584145366,424242
9,1438625469,424242
9,1980165469,424242
9,681938180,424242
9,304512050,424242
9,693514555,424242
9,168112566,424242
9,2095881512,424242
9,1371235967,424242
9,1994355460,424242
9,516574876,424242
10,655662027,424242
10,225673923,424242
10,947983470,424242
10,1983811012,424242
10,1132379889,424242
10,1469599705,424242
10,549069815,424242
10,1068533052,424242
10,627277018,424242
10,1299873032,424242
10,1679482670,424242
10,1986581524,424242
10,177899723,424242
10,1898052910,424242
10,1703937897,424242
10,1085355400,424242
10,462019196,424242
10,238105616,424242
10,537001355,424242
10,422481121,424242
